{
    "WheelNoise": 0.1,
    "InputType": 1,
    "DcMotor":
    {
        "Kt": 0.009,
        "Ke": 0.009,
        "R": 2.5,
        "L": 0.01,
        "Umax": 5
    },
    "Gear":
    {
        "Ratio": 34,
        "Miu": 1,
        "Fr": 0.0
    },
    "Robot":
    {
        "R": 0.05,
        "L": 0.18,
        "M": 0.8,
        "Mw": 0.05,
        "d": 0.0
    },
    "Inertia":
    {
        "I0": 0.001,
        "Im": 0.0002,
        "Iw": 0.0006
    },
    "Friction":
    {
        "Cs": 0.05,
        "Cv": 0.0002
    }
}
